{"cameraMode":{"drawMode":0,"name":"Shaded","section":"Shading Mode"},"sceneLighting":false,"audioPlay":false,"sceneViewState":{"showFog":true,"showMaterialUpdate":false,"showSkybox":false,"showFlares":true,"showImageEffects":true,"showParticleSystems":true},"in2DMode":false,"pivot":{"x":-0.28951236605644228,"y":-1.55879545211792,"z":0.14790403842926026},"rotation":{"x":-0.6970803737640381,"y":0.00042829543235711753,"z":-0.000416103343013674,"w":-0.717002809047699},"size":9.196548461914063,"orthographic":false}