{"cameraMode":{"drawMode":0,"name":"Shaded","section":"Shading Mode"},"sceneLighting":false,"audioPlay":false,"sceneViewState":{"showFog":true,"showMaterialUpdate":false,"showSkybox":true,"showFlares":true,"showImageEffects":true,"showParticleSystems":true},"in2DMode":false,"pivot":{"x":-0.9908871650695801,"y":4.206426620483398,"z":-7.691699981689453},"rotation":{"x":-0.00029506522696465254,"y":0.9683482050895691,"z":-0.24964389204978944,"w":-0.0011621823068708182},"size":42.34683609008789,"orthographic":false}