{"cameraMode":{"drawMode":0,"name":"Shaded","section":"Shading Mode"},"sceneLighting":false,"audioPlay":false,"sceneViewState":{"showFog":true,"showMaterialUpdate":false,"showSkybox":true,"showFlares":true,"showImageEffects":true,"showParticleSystems":true},"in2DMode":false,"pivot":{"x":4.1283159255981449,"y":-0.6281585693359375,"z":-1.8037657737731934},"rotation":{"x":-0.2928153872489929,"y":0.5337143540382385,"z":-0.20383338630199433,"w":-0.7667350769042969},"size":20.270992279052736,"orthographic":false}