{"cameraMode":{"drawMode":0,"name":"Shaded","section":"Shading Mode"},"sceneLighting":false,"audioPlay":false,"sceneViewState":{"showFog":true,"showMaterialUpdate":false,"showSkybox":true,"showFlares":true,"showImageEffects":true,"showParticleSystems":true},"in2DMode":false,"pivot":{"x":2.8911185264587404,"y":2.222707748413086,"z":0.26616430282592776},"rotation":{"x":-0.3071887791156769,"y":0.25200358033180239,"z":-0.0847242921590805,"w":-0.9137694835662842},"size":10.160745620727539,"orthographic":false}